datetime,Flow_metersCubedPerSecond
1995-01-01 00:00:00,5.326274
1995-01-02 00:00:00,5.279789
1995-01-03 00:00:00,5.232633
1995-01-04 00:00:00,5.190151
1995-01-05 00:00:00,5.24443
1995-01-06 00:00:00,5.297507
1995-01-07 00:00:00,5.210604
1995-01-08 00:00:00,5.153491
1995-01-09 00:00:00,5.191968
1995-01-10 00:00:00,5.121855
1995-01-11 00:00:00,5.080963
1995-01-12 00:00:00,4.987766
1995-01-13 00:00:00,5.02067
1995-01-14 00:00:00,5.130408
1995-01-15 00:00:00,5.017816
1995-01-16 00:00:00,4.937935
1995-01-17 00:00:00,4.831148
1995-01-18 00:00:00,4.904465
1995-01-19 00:00:00,5.348336
1995-01-20 00:00:00,5.161512
1995-01-21 00:00:00,5.137636
1995-01-22 00:00:00,5.109813
1995-01-23 00:00:00,5.010224
1995-01-24 00:00:00,4.917166
1995-01-25 00:00:00,4.825883
1995-01-26 00:00:00,4.740954
1995-01-27 00:00:00,4.658599
1995-01-28 00:00:00,4.577803
1995-01-29 00:00:00,4.507304
1995-01-30 00:00:00,4.433556
1995-01-31 00:00:00,4.359052
1995-02-01 00:00:00,4.283704
1995-02-02 00:00:00,4.216444
1995-02-03 00:00:00,4.184206
1995-02-04 00:00:00,4.118518
1995-02-05 00:00:00,4.06557
1995-02-06 00:00:00,4.012139
1995-02-07 00:00:00,3.963927
1995-02-08 00:00:00,3.912586
1995-02-09 00:00:00,3.860977
1995-02-10 00:00:00,3.793336
1995-02-11 00:00:00,3.752937
1995-02-12 00:00:00,3.709586
1995-02-13 00:00:00,3.663314
1995-02-14 00:00:00,3.626003
1995-02-15 00:00:00,3.587365
1995-02-16 00:00:00,3.536378
1995-02-17 00:00:00,3.478934
1995-02-18 00:00:00,3.348915
1995-02-19 00:00:00,3.375239
1995-02-20 00:00:00,3.265242
1995-02-21 00:00:00,3.469929
1995-02-22 00:00:00,3.395373
1995-02-23 00:00:00,3.43595
1995-02-24 00:00:00,3.696675
1995-02-25 00:00:00,3.822901
1995-02-26 00:00:00,3.887358
1995-02-27 00:00:00,3.937808
1995-02-28 00:00:00,3.984619
1995-03-01 00:00:00,4.009101
1995-03-02 00:00:00,4.021498
1995-03-03 00:00:00,4.012744
1995-03-04 00:00:00,4.149806
1995-03-05 00:00:00,4.279774
1995-03-06 00:00:00,4.506211
1995-03-07 00:00:00,4.498193
1995-03-08 00:00:00,4.467359
1995-03-09 00:00:00,4.434476
1995-03-10 00:00:00,4.215529
1995-03-11 00:00:00,4.394311
1995-03-12 00:00:00,4.404028
1995-03-13 00:00:00,4.393566
1995-03-14 00:00:00,4.309315
1995-03-15 00:00:00,4.267967
1995-03-16 00:00:00,4.204178
1995-03-17 00:00:00,4.21274
1995-03-18 00:00:00,4.192247
1995-03-19 00:00:00,4.152955
1995-03-20 00:00:00,4.82181
1995-03-21 00:00:00,4.897147
1995-03-22 00:00:00,4.905815
1995-03-23 00:00:00,4.917424
1995-03-24 00:00:00,4.862754
1995-03-25 00:00:00,4.840766
1995-03-26 00:00:00,5.043792
1995-03-27 00:00:00,5.877294
1995-03-28 00:00:00,6.197699
1995-03-29 00:00:00,6.307938
1995-03-30 00:00:00,6.358877
1995-03-31 00:00:00,6.413419
1995-04-01 00:00:00,6.459991
1995-04-02 00:00:00,6.441431
1995-04-03 00:00:00,6.313075
1995-04-04 00:00:00,6.296893
1995-04-05 00:00:00,6.293571
1995-04-06 00:00:00,6.340773
1995-04-07 00:00:00,6.756138
1995-04-08 00:00:00,7.270833
1995-04-09 00:00:00,7.752269
1995-04-10 00:00:00,8.703177
1995-04-11 00:00:00,9.316911
1995-04-12 00:00:00,10.090099
1995-04-13 00:00:00,10.175117
1995-04-14 00:00:00,10.208166
1995-04-15 00:00:00,10.27952
1995-04-16 00:00:00,10.254923
1995-04-17 00:00:00,10.435025
1995-04-18 00:00:00,11.529014
1995-04-19 00:00:00,11.652567
1995-04-20 00:00:00,11.93015
1995-04-21 00:00:00,12.312738
1995-04-22 00:00:00,12.238265
1995-04-23 00:00:00,12.123136
1995-04-24 00:00:00,12.115409
1995-04-25 00:00:00,12.050383
1995-04-26 00:00:00,12.937397
1995-04-27 00:00:00,13.692827
1995-04-28 00:00:00,13.580338
1995-04-29 00:00:00,13.535607
1995-04-30 00:00:00,13.384758
1995-05-01 00:00:00,13.262476
1995-05-02 00:00:00,13.056029
1995-05-03 00:00:00,12.780725
1995-05-04 00:00:00,12.550214
1995-05-05 00:00:00,12.168914
1995-05-06 00:00:00,11.743459
1995-05-07 00:00:00,11.530192
1995-05-08 00:00:00,12.835648
1995-05-09 00:00:00,13.982372
1995-05-10 00:00:00,14.816457
1995-05-11 00:00:00,14.736399
1995-05-12 00:00:00,14.553882
1995-05-13 00:00:00,15.027377
1995-05-14 00:00:00,14.896195
1995-05-15 00:00:00,14.517536
1995-05-16 00:00:00,14.123875
1995-05-17 00:00:00,13.983381
1995-05-18 00:00:00,13.740854
1995-05-19 00:00:00,13.323414
1995-05-20 00:00:00,12.929263
1995-05-21 00:00:00,12.5461
1995-05-22 00:00:00,12.295501
1995-05-23 00:00:00,12.659411
1995-05-24 00:00:00,12.506573
1995-05-25 00:00:00,12.132331
1995-05-26 00:00:00,12.369441
1995-05-27 00:00:00,13.210215
1995-05-28 00:00:00,14.033792
1995-05-29 00:00:00,13.924053
1995-05-30 00:00:00,13.55575
1995-05-31 00:00:00,13.16585
1995-06-01 00:00:00,12.986838
1995-06-02 00:00:00,12.909928
1995-06-03 00:00:00,12.536147
1995-06-04 00:00:00,12.080572
1995-06-05 00:00:00,11.774521
1995-06-06 00:00:00,11.705717
1995-06-07 00:00:00,11.795203
1995-06-08 00:00:00,11.702919
1995-06-09 00:00:00,11.440516
1995-06-10 00:00:00,11.050309
1995-06-11 00:00:00,10.641185
1995-06-12 00:00:00,10.22396
1995-06-13 00:00:00,9.7728
1995-06-14 00:00:00,9.319433
1995-06-15 00:00:00,8.888273
1995-06-16 00:00:00,8.478853
1995-06-17 00:00:00,8.125267
1995-06-18 00:00:00,7.726003
1995-06-19 00:00:00,7.297364
1995-06-20 00:00:00,6.877254
1995-06-21 00:00:00,6.491176
1995-06-22 00:00:00,6.122048
1995-06-23 00:00:00,5.775494
1995-06-24 00:00:00,5.447643
1995-06-25 00:00:00,5.219162
1995-06-26 00:00:00,5.636228
1995-06-27 00:00:00,5.5614
1995-06-28 00:00:00,5.357075
1995-06-29 00:00:00,5.268602
1995-06-30 00:00:00,5.008567
1995-07-01 00:00:00,4.744987
1995-07-02 00:00:00,4.450741
1995-07-03 00:00:00,4.232165
1995-07-04 00:00:00,4.892497
1995-07-05 00:00:00,5.268065
1995-07-06 00:00:00,5.184709
1995-07-07 00:00:00,5.021116
1995-07-08 00:00:00,4.992618
1995-07-09 00:00:00,4.971378
1995-07-10 00:00:00,4.678638
1995-07-11 00:00:00,4.382008
1995-07-12 00:00:00,4.09059
1995-07-13 00:00:00,3.816451
1995-07-14 00:00:00,3.53083
1995-07-15 00:00:00,3.492146
1995-07-16 00:00:00,3.627431
1995-07-17 00:00:00,3.380966
1995-07-18 00:00:00,3.334296
1995-07-19 00:00:00,3.299791
1995-07-20 00:00:00,3.207871
1995-07-21 00:00:00,2.961127
1995-07-22 00:00:00,3.327831
1995-07-23 00:00:00,3.331098
1995-07-24 00:00:00,3.192311
1995-07-25 00:00:00,3.02803
1995-07-26 00:00:00,3.102136
1995-07-27 00:00:00,3.124426
1995-07-28 00:00:00,3.021453
1995-07-29 00:00:00,2.780488
1995-07-30 00:00:00,2.592211
1995-07-31 00:00:00,2.521516
1995-08-01 00:00:00,2.648864
1995-08-02 00:00:00,2.637955
1995-08-03 00:00:00,2.750792
1995-08-04 00:00:00,2.687572
1995-08-05 00:00:00,2.571558
1995-08-06 00:00:00,2.467861
1995-08-07 00:00:00,2.413147
1995-08-08 00:00:00,2.336526
1995-08-09 00:00:00,2.303519
1995-08-10 00:00:00,2.161283
1995-08-11 00:00:00,1.996894
1995-08-12 00:00:00,1.842392
1995-08-13 00:00:00,1.680368
1995-08-14 00:00:00,1.561406
1995-08-15 00:00:00,1.897147
1995-08-16 00:00:00,2.363417
1995-08-17 00:00:00,2.480402
1995-08-18 00:00:00,2.434499
1995-08-19 00:00:00,2.618419
1995-08-20 00:00:00,2.636011
1995-08-21 00:00:00,2.533543
1995-08-22 00:00:00,2.429163
1995-08-23 00:00:00,2.325892
1995-08-24 00:00:00,2.295148
1995-08-25 00:00:00,2.235895
1995-08-26 00:00:00,2.118782
1995-08-27 00:00:00,2.084008
1995-08-28 00:00:00,2.558285
1995-08-29 00:00:00,2.692455
1995-08-30 00:00:00,2.590774
1995-08-31 00:00:00,2.487809
1995-09-01 00:00:00,2.371838
1995-09-02 00:00:00,2.256251
1995-09-03 00:00:00,2.201601
1995-09-04 00:00:00,2.083436
1995-09-05 00:00:00,2.007009
1995-09-06 00:00:00,1.992038
1995-09-07 00:00:00,2.257572
1995-09-08 00:00:00,2.121126
1995-09-09 00:00:00,2.02511
1995-09-10 00:00:00,1.954938
1995-09-11 00:00:00,1.850677
1995-09-12 00:00:00,1.856541
1995-09-13 00:00:00,1.690607
1995-09-14 00:00:00,1.575425
1995-09-15 00:00:00,1.493256
1995-09-16 00:00:00,1.613781
1995-09-17 00:00:00,1.531991
1995-09-18 00:00:00,1.502616
1995-09-19 00:00:00,2.054201
1995-09-20 00:00:00,2.201249
1995-09-21 00:00:00,2.227065
1995-09-22 00:00:00,2.129421
1995-09-23 00:00:00,2.042857
1995-09-24 00:00:00,1.982163
1995-09-25 00:00:00,1.920497
1995-09-26 00:00:00,1.818358
1995-09-27 00:00:00,1.687416
1995-09-28 00:00:00,1.562931
1995-09-29 00:00:00,1.53928
1995-09-30 00:00:00,1.68429
1995-10-01 00:00:00,1.777146
1995-10-02 00:00:00,1.715906
1995-10-03 00:00:00,1.699939
1995-10-04 00:00:00,1.624644
1995-10-05 00:00:00,2.08921
1995-10-06 00:00:00,3.400363
1995-10-07 00:00:00,3.564921
1995-10-08 00:00:00,3.618448
1995-10-09 00:00:00,3.641973
1995-10-10 00:00:00,3.576162
1995-10-11 00:00:00,3.504981
1995-10-12 00:00:00,3.402546
1995-10-13 00:00:00,3.315853
1995-10-14 00:00:00,3.345814
1995-10-15 00:00:00,3.285087
1995-10-16 00:00:00,3.231045
1995-10-17 00:00:00,3.144837
1995-10-18 00:00:00,3.104061
1995-10-19 00:00:00,3.292298
1995-10-20 00:00:00,3.489864
1995-10-21 00:00:00,3.539058
1995-10-22 00:00:00,3.612251
1995-10-23 00:00:00,3.83361
1995-10-24 00:00:00,3.897137
1995-10-25 00:00:00,3.818461
1995-10-26 00:00:00,3.885283
1995-10-27 00:00:00,4.836996
1995-10-28 00:00:00,5.083541
1995-10-29 00:00:00,5.118999
1995-10-30 00:00:00,5.173338
1995-10-31 00:00:00,5.519669
1995-11-01 00:00:00,6.785981
1995-11-02 00:00:00,7.506095
1995-11-03 00:00:00,7.783058
1995-11-04 00:00:00,7.973325
1995-11-05 00:00:00,8.120989
1995-11-06 00:00:00,8.149409
1995-11-07 00:00:00,8.099943
1995-11-08 00:00:00,8.160466
1995-11-09 00:00:00,8.261237
1995-11-10 00:00:00,8.790319
1995-11-11 00:00:00,8.931618
1995-11-12 00:00:00,8.93929
1995-11-13 00:00:00,8.902204
1995-11-14 00:00:00,8.852553
1995-11-15 00:00:00,8.791157
1995-11-16 00:00:00,8.716525
1995-11-17 00:00:00,8.641189
1995-11-18 00:00:00,8.542882
1995-11-19 00:00:00,8.459445
1995-11-20 00:00:00,8.329761
1995-11-21 00:00:00,8.206471
1995-11-22 00:00:00,8.085254
1995-11-23 00:00:00,7.953584
1995-11-24 00:00:00,7.817239
1995-11-25 00:00:00,7.66763
1995-11-26 00:00:00,7.619855
1995-11-27 00:00:00,8.456288
1995-11-28 00:00:00,8.33609
1995-11-29 00:00:00,8.205677
1995-11-30 00:00:00,8.021477
1995-12-01 00:00:00,7.970085
1995-12-02 00:00:00,7.814127
1995-12-03 00:00:00,7.7912
1995-12-04 00:00:00,7.697419
1995-12-05 00:00:00,7.583129
1995-12-06 00:00:00,7.467468
1995-12-07 00:00:00,7.382023
1995-12-08 00:00:00,7.362912
1995-12-09 00:00:00,7.265751
1995-12-10 00:00:00,7.154359
1995-12-11 00:00:00,7.116158
1995-12-12 00:00:00,7.101343
1995-12-13 00:00:00,7.055124
1995-12-14 00:00:00,6.98658
1995-12-15 00:00:00,6.83992
1995-12-16 00:00:00,6.701652
1995-12-17 00:00:00,6.565464
1995-12-18 00:00:00,6.43904
1995-12-19 00:00:00,6.309857
1995-12-20 00:00:00,6.18715
1995-12-21 00:00:00,6.066879
1995-12-22 00:00:00,5.955846
1995-12-23 00:00:00,5.848755
1995-12-24 00:00:00,5.738674
1995-12-25 00:00:00,5.632437
1995-12-26 00:00:00,5.537189
1995-12-27 00:00:00,5.432293
1995-12-28 00:00:00,5.328736
1995-12-29 00:00:00,5.237834
1995-12-30 00:00:00,5.245376
1995-12-31 00:00:00,5.1789
