datetime,Ten_Meter_Elevation_Wind_Speed_meterPerSecond,Air_Temperature_celsius,Relative_Humidity_percent,Shortwave_Radiation_Downwelling_wattPerMeterSquared,Longwave_Radiation_Downwelling_wattPerMeterSquared,Sea_Level_Barometric_Pressure_pascal,Surface_Level_Barometric_Pressure_pascal,Precipitation_millimeterPerDay,Snowfall_millimeterPerDay
1995-01-01 00:00:00,5.644402932,-7.407993168,76.01807088,33.30192024,257.5040076,1.00E+05,99760,0,0.28896
1995-01-02 00:00:00,4.302235808,-10.09249721,82.99161613,91.40812446,201.6287475,1.00E+05,99760,0,0.0116
1995-01-03 00:00:00,5.364614825,-12.15624473,75.70206817,84.55912583,185.5462488,1.00E+05,99760,0,0
1995-01-04 00:00:00,5.174597708,-18.30249896,73.13760538,85.80049921,155.0783338,1.00E+05,99760,0,0
1995-01-05 00:00:00,6.474447738,-15.29374742,83.52076575,95.41754188,169.3120858,1.00E+05,99760,0,0
1995-01-06 00:00:00,4.273947117,-7.529161838,90.71942146,43.0261255,270.6529179,1.00E+05,99760,0,5.281600125
1995-01-07 00:00:00,3.625877225,-10.55166349,86.16397075,96.14191725,208.7845817,1.00E+05,99760,0,0.1532
1995-01-08 00:00:00,3.68461395,-14.75332608,84.64945667,100.7275424,169.85208,1.00E+05,99760,0,0.3852
1995-01-09 00:00:00,2.272850732,-14.58833354,83.99908971,92.12241621,207.7995858,1.00E+05,99760,0,3.004599875
1995-01-10 00:00:00,3.897075125,-7.082903283,92.00123025,65.9697925,272.6983346,1.00E+05,99760,0,0.1428
1995-01-11 00:00:00,3.069059075,-5.430408228,97.23002863,88.65195958,241.5508388,1.00E+05,99760,0,1.070500042
1995-01-12 00:00:00,2.576784925,-2.300408432,97.59866183,84.63808213,260.0875004,1.00E+05,99760,0,0.0198
1995-01-13 00:00:00,2.14645969,-1.611662299,96.05584325,84.09358413,279.5870858,1.00E+05,99760,0.491,1.2113
1995-01-14 00:00:00,4.940893292,-2.097493222,94.79582742,65.83562513,275.1970892,1.00E+05,99760,0,5.369
1995-01-15 00:00:00,2.832860696,-6.899991088,95.18315554,104.6637912,199.37958,1.00E+05,99760,0,0
1995-01-16 00:00:00,3.908368363,-6.248747238,95.3512925,98.471958,227.1304213,1.00E+05,99760,0,0.0868
1995-01-17 00:00:00,6.253747946,-1.608324439,93.86137671,100.999,250.1445833,1.00E+05,99760,0,0.2118
1995-01-18 00:00:00,2.897683388,-4.559576417,82.239451,108.054958,209.4904175,1.00E+05,99760,0,0.8199
1995-01-19 00:00:00,6.305187804,-3.663745621,89.63457788,60.6737925,291.7108379,1.00E+05,99760,0,12.66530008
1995-01-20 00:00:00,7.116422404,-4.682079063,87.23939021,74.31912638,275.410415,1.00E+05,99760,0,1.048
1995-01-21 00:00:00,6.560800521,-6.709165954,87.23487979,48.10066758,269.8537596,1.00E+05,99760,0,1.7091
1995-01-22 00:00:00,5.0264998,-7.406247208,87.23905883,39.33529188,269.4829208,1.00E+05,99760,0,1.7246
1995-01-23 00:00:00,3.458941804,-7.746660642,87.13815208,66.19416583,252.5383375,1.00E+05,99760,0,0.0208
1995-01-24 00:00:00,2.835351879,-13.41040652,83.24456317,119.1732913,174.0366642,1.00E+05,99760,0,0
1995-01-25 00:00:00,2.632436188,-10.74874091,80.29365004,111.21775,210.9991692,1.00E+05,99760,0,0
1995-01-26 00:00:00,2.705136571,-12.38957825,81.56826654,121.9377909,177.1675004,1.00E+05,99760,0,0
1995-01-27 00:00:00,3.5246652,-8.392075613,86.76181917,113.8432505,230.1225025,1.00E+05,99760,0,0
1995-01-28 00:00:00,5.0623745,-6.677495054,91.938708,121.676958,220.4154233,1.00E+05,99760,0,0
1995-01-29 00:00:00,2.818610958,-10.41624295,89.15172808,103.3412495,204.5429154,1.00E+05,99760,0,0
1995-01-30 00:00:00,3.277071561,-9.144778917,91.15350987,128.8260421,195.8430409,1.00E+05,99760,0,0
1995-01-31 00:00:00,4.843412254,-5.692074849,94.93000538,122.9011671,223.440835,1.00E+05,99760,0,0
1995-02-01 00:00:00,3.017325924,-3.795194098,91.48269584,115.9025988,224.3116024,1.00E+05,99760,0,0
1995-02-02 00:00:00,1.97542288,-6.087914538,88.79893421,108.139252,221.4766642,1.00E+05,99760,0,0.0153
1995-02-03 00:00:00,3.852104897,-5.419578296,89.84954271,84.29566663,249.7112513,1.00E+05,99760,0,0.6491
1995-02-04 00:00:00,7.358101042,-9.088327808,73.21255808,101.6267492,241.3004208,1.00E+05,99760,0,0.096
1995-02-05 00:00:00,5.308539058,-16.58458175,78.25689829,134.1220446,146.5150025,1.00E+05,99760,0,0
1995-02-06 00:00:00,3.226483188,-16.88374617,79.51742475,134.974125,150.5175017,1.00E+05,99760,0,0
1995-02-07 00:00:00,5.542236775,-13.53249579,78.70403433,77.00504171,227.1916667,1.00E+05,99760,0,0
1995-02-08 00:00:00,5.022776529,-15.45666604,80.50861071,136.7099171,163.1145833,1.00E+05,99760,0,0
1995-02-09 00:00:00,4.270501842,-6.922914921,91.90265638,87.95900117,261.8833363,1.00E+05,99760,0,0
1995-02-10 00:00:00,7.70738935,-5.593332625,79.15798104,127.8094996,251.2395883,1.00E+05,99760,0,0
1995-02-11 00:00:00,7.445936163,-17.54333279,63.43780004,121.3044162,183.0862492,1.00E+05,99760,0,0
1995-02-12 00:00:00,4.146601138,-16.28958108,79.236134,118.5070409,183.0887496,1.00E+05,99760,0,0
1995-02-13 00:00:00,4.862526813,-14.45957983,76.43976054,127.4814579,191.4958338,1.00E+05,99760,0,0
1995-02-14 00:00:00,3.452186538,-11.64916205,81.652673,111.0989159,224.7574979,1.00E+05,99760,0,0
1995-02-15 00:00:00,5.133136013,-5.384157558,90.59294167,87.42174971,262.0654158,1.00E+05,99760,0,0.374
1995-02-16 00:00:00,2.408756445,-10.6016615,84.77501067,135.4152921,182.3299988,1.00E+05,99760,0,0
1995-02-17 00:00:00,4.348317304,-6.811659244,89.49030192,143.9447521,199.1470842,1.00E+05,99760,0,0
1995-02-18 00:00:00,5.201151763,-2.232490287,85.39614188,145.9356242,226.2208329,1.00E+05,99760,0,0
1995-02-19 00:00:00,3.143951942,-1.198329672,88.6404515,149.1948371,237.7104158,1.00E+05,99760,0,0
1995-02-20 00:00:00,6.471639763,0.22417602,85.92556079,144.1052062,265.09625,1.00E+05,99760,0,0.1563
1995-02-21 00:00:00,4.815024441,-4.967499796,77.32925879,105.16879,234.7816638,1.00E+05,99760,0,0
1995-02-22 00:00:00,2.534367642,-1.411667885,83.6448925,136.4304572,240.0891725,1.00E+05,99760,0.01,0.006
1995-02-23 00:00:00,5.722482175,0.03542989,77.13660425,149.1553762,245.4708338,1.00E+05,99760,0,0.008
1995-02-24 00:00:00,5.0662627,-2.344577535,56.64401679,139.4247921,253.0466675,1.00E+05,99760,0.001,0.015
1995-02-25 00:00:00,5.137934021,-1.06374206,83.25703304,78.690707,274.7833379,1.00E+05,99760,0,0.0082
1995-02-26 00:00:00,6.374766408,-2.98208211,80.27612567,128.6580413,271.8475038,1.00E+05,99760,0,0.0048
1995-02-27 00:00:00,4.474725038,-1.282912953,81.29957217,115.2570403,295.9166725,1.00E+05,99760,0.041,0.0627
1995-02-28 00:00:00,5.894906125,-4.148750058,66.69052763,81.51449958,267.9433321,1.00E+05,99760,0,0
1995-03-01 00:00:00,6.830996579,-11.48040997,43.21943379,166.6314171,195.2733338,1.00E+05,99760,0,0
1995-03-02 00:00:00,3.300644133,-11.2895747,49.92702567,193.4510408,175.6658304,1.00E+05,99760,0,0
1995-03-03 00:00:00,3.595186325,-7.325406204,67.27634929,193.3219179,178.3062479,1.00E+05,99760,0,0
1995-03-04 00:00:00,3.341305963,-3.459164682,64.00838221,166.4503729,222.9274996,1.00E+05,99760,0,0
1995-03-05 00:00:00,3.290316367,-1.286666612,91.53605238,85.20920796,297.9558367,1.00E+05,99760,0,7.063400083
1995-03-06 00:00:00,3.534981071,-1.823740385,89.84876146,147.6209164,283.5595838,1.00E+05,99760,0.0854,2.890900042
1995-03-07 00:00:00,5.609357008,-3.24415945,87.60191413,145.7825404,275.6737488,1.00E+05,99760,0,4.318800042
1995-03-08 00:00:00,4.673235954,-7.412914017,82.49118325,154.7485846,243.2583421,1.00E+05,99760,0,0
1995-03-09 00:00:00,3.169809425,-7.571660079,80.49303429,182.68279,235.6170829,1.00E+05,99760,0,0
1995-03-10 00:00:00,6.063496567,-0.814574943,84.35326967,203.2446686,228.1825025,1.00E+05,99760,0,0
1995-03-11 00:00:00,5.882231517,4.355840282,78.13392467,201.4930411,249.2825017,1.00E+05,99760,0,0
1995-03-12 00:00:00,5.560085433,7.641675567,76.8056065,152.650707,309.9354225,1.00E+05,99760,0,0
1995-03-13 00:00:00,4.680465283,9.848339292,73.60083725,126.4676267,314.6741771,1.00E+05,99760,0,0
1995-03-14 00:00:00,2.890851688,11.74292399,66.98291171,201.5295413,296.0100063,1.00E+05,99760,0,0
1995-03-15 00:00:00,1.905167183,12.28209328,71.60438742,159.3740426,313.0633363,1.00E+05,99760,0,0
1995-03-16 00:00:00,2.097894983,10.55792008,68.42066483,189.6684596,281.9770933,1.00E+05,99760,0,0
1995-03-17 00:00:00,2.960852967,6.099172155,78.00146096,107.3141679,302.9116725,1.00E+05,99760,0.0576,0
1995-03-18 00:00:00,3.256525217,7.382085379,75.63386188,119.8877094,323.6937558,1.00E+05,99760,0.0454,0
1995-03-19 00:00:00,2.426812746,8.269581038,80.06712054,203.9065021,294.4808433,1.00E+05,99760,0.207,0
1995-03-20 00:00:00,5.736385942,7.434170042,89.08359325,79.862374,335.0841679,1.00E+05,99760,17.21069971,0
1995-03-21 00:00:00,6.476256329,4.447501125,73.92310838,178.2746646,292.8358321,1.00E+05,99760,1.0651,0
1995-03-22 00:00:00,3.692944625,3.767505903,73.55008667,223.3296687,249.0312567,1.00E+05,99760,0.5197,0
1995-03-23 00:00:00,4.010518213,3.205013511,75.94403275,206.3551242,264.0691663,1.00E+05,99760,0.9747,0
1995-03-24 00:00:00,2.727090296,2.672091428,65.22391942,237.8331263,216.3762529,1.00E+05,99760,0,0
1995-03-25 00:00:00,4.032842913,4.107926923,62.91176346,162.9982505,271.6816679,1.00E+05,99760,0.0787,0
1995-03-26 00:00:00,6.010981179,4.228751121,73.54851813,74.62883387,326.44375,1.00E+05,99760,4.604599958,0
1995-03-27 00:00:00,6.471104721,1.926670335,86.50038583,54.91633338,320.9266904,1.00E+05,99760,17.79599988,0
1995-03-28 00:00:00,2.947481138,1.419590247,89.37361967,58.45570859,311.4470842,1.00E+05,99760,1.4433,0
1995-03-29 00:00:00,2.685546996,1.892928066,84.78434629,85.88199991,308.5225021,1.00E+05,99760,0.0436,0
1995-03-30 00:00:00,3.8963102,2.254349955,74.45210748,146.0659128,299.2104417,1.00E+05,99760,0.028904348,0
1995-03-31 00:00:00,3.5828079,1.49292908,71.81161513,133.3228316,296.8658388,1.00E+05,99760,0,0
1995-04-01 00:00:00,2.525596868,2.363208006,70.10394064,101.47204,302.852802,1.00E+05,99760,0,0
1995-04-02 00:00:00,4.02621818,5.856669371,67.75091996,161.2075401,291.3554225,1.00E+05,99760,0.137,0
1995-04-03 00:00:00,6.364803192,9.675836179,58.91128263,236.9907121,284.0995863,1.00E+05,99760,0.1501,0
1995-04-04 00:00:00,7.5032261,-7.260830938,42.98073592,248.6922508,175.5370821,1.00E+05,99760,0,0
1995-04-05 00:00:00,4.441853479,-2.828744005,51.85724117,128.6905834,253.8908446,1.00E+05,99760,0.189,0
1995-04-06 00:00:00,3.918172538,4.781250232,66.82390596,238.2645433,255.7391725,1.00E+05,99760,3.607199917,0
1995-04-07 00:00:00,4.017298142,3.222915897,77.93562471,97.93254167,308.9220863,1.00E+05,99760,12.66530008,0
1995-04-08 00:00:00,3.729400575,4.731254829,84.8254605,120.9890413,319.857505,1.00E+05,99760,4.094099958,0
1995-04-09 00:00:00,8.074188358,0.767499541,75.44783571,192.4184587,283.6479329,1.00E+05,99760,3.895500083,3.763600042
1995-04-10 00:00:00,8.569815458,-0.789578498,87.32492429,92.03845717,307.1133358,1.00E+05,99760,0,19.48589983
1995-04-11 00:00:00,5.433354283,4.57251256,88.20317117,121.0949158,331.7024967,1.00E+05,99760,13.58590004,0
1995-04-12 00:00:00,6.301226546,3.993759413,83.31091796,92.175083,296.9175008,1.00E+05,99760,2.5118,0
1995-04-13 00:00:00,6.544573175,5.911259008,69.99615492,259.2519563,260.8733417,1.00E+05,99760,0,0
1995-04-14 00:00:00,3.659952233,5.30292918,65.84023163,262.0788319,239.3379104,1.00E+05,99760,0.134,0
1995-04-15 00:00:00,6.904576308,6.274592314,64.79773521,181.7096672,302.0445913,1.00E+05,99760,1.055,0
1995-04-16 00:00:00,2.005853596,10.78084083,72.55272425,217.7749588,325.5537479,1.00E+05,99760,1.6252,0
1995-04-17 00:00:00,2.235406633,10.50334067,81.417657,203.5575016,323.2062671,1.00E+05,99760,3.572,0
1995-04-18 00:00:00,7.531713275,11.14916639,81.3549595,155.119375,343.3312579,1.00E+05,99760,20.92639992,0
1995-04-19 00:00:00,5.297228763,7.597929933,75.03509946,221.5242067,309.29293,1.00E+05,99760,0.2164,0
1995-04-20 00:00:00,5.758533142,5.700003563,83.33277213,133.8623753,301.7870808,1.00E+05,99760,4.5904,0
1995-04-21 00:00:00,3.824796363,5.732512413,89.07470475,145.0490428,309.6558408,1.00E+05,99760,3.5446,0
1995-04-22 00:00:00,3.999240904,8.135424554,68.20629304,247.6932927,282.3033383,1.00E+05,99760,0,0
1995-04-23 00:00:00,2.346551533,7.511258688,62.86527358,267.6138775,251.8212479,1.00E+05,99760,1.2848,0
1995-04-24 00:00:00,3.606514571,7.527501733,66.32754638,163.109748,283.0583325,1.00E+05,99760,1.0488,0
1995-04-25 00:00:00,3.737805879,7.013757283,69.01524913,211.6090834,295.509585,1.00E+05,99760,0.7839,0
1995-04-26 00:00:00,3.180414233,7.421254738,92.76648988,88.33691729,333.9354208,1.00E+05,99760,18.90689996,0
1995-04-27 00:00:00,5.927464413,6.292924508,82.48997479,101.0902089,322.7108392,1.00E+05,99760,6.253100042,0
1995-04-28 00:00:00,2.813376092,9.092089575,67.77699413,203.8064171,301.765,1.00E+05,99760,0.1108,0
1995-04-29 00:00:00,2.681489,9.224169604,73.93646708,86.50333417,321.9670863,1.00E+05,99760,0.1144,0
1995-04-30 00:00:00,3.984047187,8.089137022,76.52857657,233.4255194,318.35783,1.00E+05,99760,0.290086957,0
1995-05-01 00:00:00,3.682366564,6.435603024,81.99492904,151.234641,313.2439996,1.00E+05,99760,0.160128,0
1995-05-02 00:00:00,2.142151697,8.230429567,69.34112875,151.0069583,322.9141713,1.00E+05,99760,0,0
1995-05-03 00:00:00,1.68161399,10.27334632,61.65063242,163.9308724,335.0087579,1.00E+05,99760,0,0
1995-05-04 00:00:00,1.753266178,10.67250469,71.73956238,119.3825847,335.4358321,1.00E+05,99760,0.2135,0
1995-05-05 00:00:00,4.311559704,11.27334232,69.62574396,237.5110834,281.9770904,1.00E+05,99760,0,0
1995-05-06 00:00:00,1.841381138,12.46541748,62.75706883,260.051038,297.0166721,1.00E+05,99760,0,0
1995-05-07 00:00:00,3.858137738,14.31625271,73.34575896,127.1019995,353.9475058,1.00E+05,99760,0.5374,0
1995-05-08 00:00:00,8.353419483,9.476258871,91.56989138,65.88308354,354.2387471,1.00E+05,99760,26.40140042,0
1995-05-09 00:00:00,5.976472129,11.07125495,89.700403,218.0978332,345.3275033,1.00E+05,99760,19.50850004,0
1995-05-10 00:00:00,4.803198258,9.199587779,92.37475121,64.689916,347.2400021,1.00E+05,99760,5.6162,0
1995-05-11 00:00:00,3.324721888,12.11458995,75.1375905,235.281374,323.1437525,1.00E+05,99760,0.1556,0
1995-05-12 00:00:00,3.736074813,14.55791755,70.192068,288.7445404,312.3645846,1.00E+05,99760,0.300200042,0
1995-05-13 00:00:00,7.229939675,13.69917334,91.04625263,148.1752903,363.65625,1.00E+05,99760,8.216900083,0
1995-05-14 00:00:00,6.952882108,15.59959304,77.34567617,231.0171246,327.835835,1.00E+05,99760,0.3038,0
1995-05-15 00:00:00,3.45564755,13.6787557,66.823247,300.1262905,290.9170825,1.00E+05,99760,0.142,0
1995-05-16 00:00:00,4.678953242,17.57458782,77.37229513,265.5942487,346.7329158,1.00E+05,99760,1.8529,0
1995-05-17 00:00:00,4.764893458,12.87167247,72.07964396,293.4767883,292.0541679,1.00E+05,99760,0.3968,0
1995-05-18 00:00:00,3.419992446,10.362502,68.12372742,237.4314575,301.8095863,1.00E+05,99760,0,0
1995-05-19 00:00:00,4.140580675,14.27083348,62.032413,310.3320025,285.8070904,1.00E+05,99760,0,0
1995-05-20 00:00:00,5.509442375,13.4175061,66.67920138,307.2112928,284.5662521,1.00E+05,99760,0,0
1995-05-21 00:00:00,4.307050783,11.59666731,62.10390888,312.9491662,267.82709,1.00E+05,99760,0,0
1995-05-22 00:00:00,3.821584937,14.91792203,64.43492288,224.2069163,318.7941729,1.00E+05,99760,0.884,0
1995-05-23 00:00:00,3.581500592,12.50166977,90.46607871,79.75825125,361.0383375,1.00E+05,99760,7.2934,0
1995-05-24 00:00:00,3.091331825,11.1687549,82.7256535,182.6932483,343.1395854,1.00E+05,99760,1.2804,0
1995-05-25 00:00:00,2.972721604,12.47916688,77.41903979,282.8319121,320.2145854,1.00E+05,99760,0,0
1995-05-26 00:00:00,3.140532617,11.39833739,81.28525904,206.2661255,313.8833388,1.00E+05,99760,12.59039958,0
1995-05-27 00:00:00,6.250310429,11.27417774,92.34332775,81.67837433,355.1612517,1.00E+05,99760,16.59739983,0
1995-05-28 00:00:00,4.464533863,16.69292088,85.9738075,202.2351263,370.7041667,1.00E+05,99760,7.2051,0
1995-05-29 00:00:00,5.46088055,14.03876139,76.92989308,229.5911271,341.7133358,1.00E+05,99760,0.0072,0
1995-05-30 00:00:00,2.812850291,17.32827144,67.36931626,328.58787,308.8369661,1.00E+05,99760,0,0
1995-05-31 00:00:00,2.782842192,19.02334371,62.96695092,303.5550805,325.1983321,1.00E+05,99760,0,0
1995-06-01 00:00:00,1.686751468,19.37160652,71.41363372,127.8223612,367.385602,1.00E+05,99760,0,0
1995-06-02 00:00:00,2.043363587,18.65417125,78.46398992,190.3152065,368.4558375,1.00E+05,99760,2.753,0
1995-06-03 00:00:00,2.210425409,19.82333275,76.08967333,250.8970012,367.1062508,1.00E+05,99760,0.1568,0
1995-06-04 00:00:00,2.878877138,19.82667179,76.98983783,312.7508709,344.6912488,1.00E+05,99760,0,0
1995-06-05 00:00:00,3.353226979,19.94500242,74.96952892,284.19021,351.4633379,1.00E+05,99760,2.783,0
1995-06-06 00:00:00,4.392855021,21.32668067,79.46782283,210.3942089,389.9999963,1.00E+05,99760,6.111899875,0
1995-06-07 00:00:00,3.429917371,22.50167613,80.23315763,237.2815374,396.93,1.00E+05,99760,6.067800125,0
1995-06-08 00:00:00,5.062026483,11.48209027,85.55472013,194.5811263,348.7412454,1.00E+05,99760,0.1981,0
1995-06-09 00:00:00,2.485159875,14.07167335,80.02091825,210.1764188,357.4154146,1.00E+05,99760,0.007,0
1995-06-10 00:00:00,4.104211371,18.37167517,78.59718796,266.7442922,365.5716613,1.00E+05,99760,0.0863,0
1995-06-11 00:00:00,4.194102779,15.83834742,72.89784675,313.4729188,323.0704208,1.00E+05,99760,0,0
1995-06-12 00:00:00,3.467851783,15.36667403,63.63050771,321.5223763,299.5120892,1.00E+05,99760,0,0
1995-06-13 00:00:00,2.711878333,18.21833571,62.84928,326.6675833,315.2962579,1.00E+05,99760,0,0
1995-06-14 00:00:00,1.813209072,20.68583454,61.52624654,320.3981701,338.4150042,1.00E+05,99760,0,0
1995-06-15 00:00:00,3.58138925,21.12292633,65.58012413,321.0675793,336.0495821,1.00E+05,99760,0,0
1995-06-16 00:00:00,4.947305813,21.79208404,73.03428138,320.1719992,353.926255,1.00E+05,99760,0,0
1995-06-17 00:00:00,4.708941621,23.39834238,77.38226896,271.5316628,377.7858308,1.00E+05,99760,0,0
1995-06-18 00:00:00,3.846166475,24.90292142,74.65719629,304.3487521,387.4487525,1.00E+05,99760,0,0
1995-06-19 00:00:00,2.937737975,25.40250796,67.189872,318.8574146,375.7933346,1.00E+05,99760,0,0
1995-06-20 00:00:00,2.151706263,26.09042396,65.27198008,318.7071692,379.822915,1.00E+05,99760,0,0
1995-06-21 00:00:00,2.818497908,25.64334513,70.18075925,318.1449163,376.8449975,1.00E+05,99760,0,0
1995-06-22 00:00:00,2.302917625,24.67583867,70.66417229,318.4065438,371.2712517,1.00E+05,99760,0,0
1995-06-23 00:00:00,2.235697708,24.63959658,71.96710683,309.3420004,378.6991663,1.00E+05,99760,0,0
1995-06-24 00:00:00,1.761468117,24.28000033,69.54639808,300.5640453,376.0150033,1.00E+05,99760,0.1598,0
1995-06-25 00:00:00,2.778480288,24.14708492,75.25170025,268.9047504,390.9375025,1.00E+05,99760,2.4588,0
1995-06-26 00:00:00,3.506337171,21.80542275,82.39865429,196.8883329,390.8650013,1.00E+05,99760,14.57790004,0
1995-06-27 00:00:00,2.691305671,21.83042183,80.52249467,218.6828743,394.7358329,1.00E+05,99760,1.5002,0
1995-06-28 00:00:00,2.173046975,21.33708729,79.66766325,214.9257914,390.4208375,1.00E+05,99760,0.9257,0
1995-06-29 00:00:00,2.497587228,22.05667025,79.26630879,204.5011638,397.4037508,1.00E+05,99760,3.974000042,0
1995-06-30 00:00:00,5.111527204,20.51348535,75.43716822,299.941611,368.8347826,1.00E+05,99760,0.203373913,0
1995-07-01 00:00:00,4.8101907,13.84161012,72.94193568,283.310402,306.4392016,1.00E+05,99760,0,0
1995-07-02 00:00:00,2.998439945,16.25625763,66.94194792,326.4655405,307.2337583,1.00E+05,99760,0,0
1995-07-03 00:00:00,5.488344558,17.94291583,77.79791771,264.5595367,348.0729183,1.00E+05,99760,0,0
1995-07-04 00:00:00,5.697821846,21.09250663,86.23450379,178.6214592,392.1100054,1.00E+05,99760,19.46439988,0
1995-07-05 00:00:00,6.451365679,22.90125433,81.069556,216.4535816,399.8729138,1.00E+05,99760,15.27079992,0
1995-07-06 00:00:00,6.170654708,18.41792192,80.69437013,181.8457917,358.4991688,1.00E+05,99760,0.6142,0
1995-07-07 00:00:00,4.997416788,17.8479185,74.16473529,324.4252925,321.5179246,1.00E+05,99760,2.457900042,0
1995-07-08 00:00:00,2.027775791,17.572098,74.04326442,187.1239603,338.5383354,1.00E+05,99760,1.934200042,0
1995-07-09 00:00:00,2.907336754,20.72333563,75.94106763,216.6395813,380.2091708,1.00E+05,99760,6.3408,0
1995-07-10 00:00:00,2.936842004,22.20625588,71.05371292,299.333581,365.5074983,1.00E+05,99760,0.05,0
1995-07-11 00:00:00,2.471848048,25.70667671,75.196209,308.8053392,399.2470804,1.00E+05,99760,0,0
1995-07-12 00:00:00,4.548855917,26.97500888,80.70766479,312.2529543,399.9220871,1.00E+05,99760,0,0
1995-07-13 00:00:00,4.083420046,30.20208892,80.76142967,307.9723338,416.6941663,1.00E+05,99760,0.7233,0
1995-07-14 00:00:00,4.257629342,29.79042213,77.85318129,309.7132072,413.2850025,1.00E+05,99760,0.1378,0
1995-07-15 00:00:00,2.409306841,27.73959879,78.13796396,208.5912072,433.2900025,1.00E+05,99760,6.271600417,0
1995-07-16 00:00:00,3.1330194,25.08542413,79.81918433,271.6313308,411.4112517,1.00E+05,99760,7.653399958,0
1995-07-17 00:00:00,5.040274046,23.12500667,72.18390813,312.6042547,376.5758358,1.00E+05,99760,0,0
1995-07-18 00:00:00,4.363114163,20.27792513,72.98965563,271.9269162,343.1087529,1.00E+05,99760,4.492700083,0
1995-07-19 00:00:00,2.871092813,21.23584017,75.87395783,206.1190404,371.8516696,1.00E+05,99760,4.894700083,0
1995-07-20 00:00:00,1.911465421,22.62417508,78.23303488,211.1576651,395.7204179,1.00E+05,99760,0.896600042,0
1995-07-21 00:00:00,2.363421053,22.86000588,71.43998067,301.0543342,359.83375,1.00E+05,99760,0.0198,0
1995-07-22 00:00:00,3.278171367,22.90209088,80.42678871,185.8110413,396.1591663,1.00E+05,99760,15.82770008,0
1995-07-23 00:00:00,1.644968283,23.22791821,77.16911467,212.0135833,404.649165,1.00E+05,99760,2.634700042,0
1995-07-24 00:00:00,2.643219279,24.13292979,77.36483071,202.4722484,407.6116658,1.00E+05,99760,0.9311,0
1995-07-25 00:00:00,2.531490283,25.20458629,73.97042579,283.7803338,393.4412521,1.00E+05,99760,2.4129,0
1995-07-26 00:00:00,1.733198931,23.22833908,78.76528104,199.8008324,396.2733346,1.00E+05,99760,6.2276,0
1995-07-27 00:00:00,4.447626813,24.04334288,79.42713233,258.9913718,385.9262496,1.00E+05,99760,8.158400167,0
1995-07-28 00:00:00,4.447543454,25.01542563,75.20268542,304.5620433,374.7320838,1.00E+05,99760,1.7735,0
1995-07-29 00:00:00,2.266264155,24.42083763,69.98621508,300.8754204,366.4512492,1.00E+05,99760,0,0
1995-07-30 00:00:00,4.200476635,26.26130657,77.94597722,299.7014339,387.4443496,1.00E+05,99760,1.948799957,0
1995-07-31 00:00:00,4.017125321,26.23334271,82.07973292,231.5731682,406.2512483,1.00E+05,99760,3.722899958,0
1995-08-01 00:00:00,2.894037572,20.97000976,88.09109316,143.8634805,395.260396,1.00E+05,99760,3.870048,0
1995-08-02 00:00:00,3.109668204,21.6700035,85.13788808,184.0451686,396.3574971,1.00E+05,99760,3.079300042,0
1995-08-03 00:00:00,2.241884233,23.4629265,83.54387783,164.8949583,403.8000004,1.00E+05,99760,7.5556,0
1995-08-04 00:00:00,1.973015197,25.01251504,81.43084833,185.6759995,418.4687496,1.00E+05,99760,0.6464,0
1995-08-05 00:00:00,1.558058129,25.17417167,77.74611017,194.1197901,418.0499996,1.00E+05,99760,0.0025,0
1995-08-06 00:00:00,2.79120935,24.70875708,79.97062625,184.7005816,416.8887517,1.00E+05,99760,0.3666,0
1995-08-07 00:00:00,3.556566358,24.14000854,82.73057292,176.5446665,413.345415,1.00E+05,99760,2.0872,0
1995-08-08 00:00:00,4.41100405,23.92042308,84.67596917,201.8025026,402.16333,1.00E+05,99760,2.5312,0
1995-08-09 00:00:00,3.352909804,25.40000808,86.13755579,165.2313746,407.8858329,1.00E+05,99760,1.487399958,0
1995-08-10 00:00:00,2.847421304,26.90083983,77.99426063,240.9452125,408.5666663,1.00E+05,99760,0.0524,0
1995-08-11 00:00:00,4.059537896,26.72500125,78.99697604,254.3731215,395.4949975,1.00E+05,99760,0,0
1995-08-12 00:00:00,3.227397921,27.69334825,79.9643975,246.8763329,410.8404163,1.00E+05,99760,0.0263,0
1995-08-13 00:00:00,4.326821358,28.23292188,79.42666296,243.5129172,417.0479171,1.00E+05,99760,0.546,0
1995-08-14 00:00:00,4.044873963,27.6366695,77.26851,240.582498,410.1979196,1.00E+05,99760,1.2124,0
1995-08-15 00:00:00,2.089889133,20.21500679,86.65137821,102.4072918,393.1595821,1.00E+05,99760,11.37259996,0
1995-08-16 00:00:00,2.132537121,23.08042171,87.32292413,131.9414991,415.4641658,1.00E+05,99760,20.13629979,0
1995-08-17 00:00:00,1.56794462,25.41667454,86.05263229,141.3674595,429.9979163,1.00E+05,99760,2.013800042,0
1995-08-18 00:00:00,3.259418221,25.82501254,87.63988129,142.9323342,433.8520842,1.00E+05,99760,0.0134,0
1995-08-19 00:00:00,3.718915171,24.99542258,86.10755933,182.499167,409.4304142,1.00E+05,99760,11.48100067,0
1995-08-20 00:00:00,2.532867658,20.90333833,74.98381725,254.4877891,341.5395863,1.00E+05,99760,0.0154,0
1995-08-21 00:00:00,2.822320792,22.03333942,70.33404833,254.7242875,338.9820825,1.00E+05,99760,0,0
1995-08-22 00:00:00,2.664883367,21.85042471,73.70487667,249.5349591,348.0408383,1.00E+05,99760,0,0
1995-08-23 00:00:00,3.543312429,24.05792146,77.86692288,233.0674214,393.2091625,1.00E+05,99760,0.045,0
1995-08-24 00:00:00,4.741230658,22.55791879,83.91539763,177.8475002,400.3516671,1.00E+05,99760,0.0256,0
1995-08-25 00:00:00,4.017912417,22.10208275,82.41750763,175.5025376,384.3733358,1.00E+05,99760,0,0
1995-08-26 00:00:00,2.116006212,24.66875613,78.18238058,235.1298734,390.3179213,1.00E+05,99760,0,0
1995-08-27 00:00:00,3.289476221,23.52959208,87.00783054,164.376126,414.4233325,1.00E+05,99760,0,0
1995-08-28 00:00:00,3.241955442,25.61042683,84.13568654,176.3914588,415.4399954,1.00E+05,99760,20.40229954,0
1995-08-29 00:00:00,1.658072361,25.14625704,82.72287613,160.8359585,416.1366688,1.00E+05,99760,1.858900042,0
1995-08-30 00:00:00,5.330534191,25.81261452,78.03607817,243.7266949,390.9804322,1.00E+05,99760,0,0
1995-08-31 00:00:00,4.778825529,23.40208963,72.76705958,226.051372,367.9579142,1.00E+05,99760,0,0
1995-09-01 00:00:00,2.908592308,18.60360472,66.67500864,236.7614,320.0975968,1.00E+05,99760,0,0
1995-09-02 00:00:00,4.059926688,19.29458379,64.36014875,239.6473733,329.9879221,1.00E+05,99760,0,0
1995-09-03 00:00:00,2.677705854,20.29291817,71.07463908,170.5160827,370.2500042,1.00E+05,99760,0,0
1995-09-04 00:00:00,2.576933083,22.04000879,69.57994258,236.2656666,359.243335,1.00E+05,99760,0,0
1995-09-05 00:00:00,2.893143104,22.50917338,70.3458005,219.9957944,361.357085,1.00E+05,99760,0.6972,0
1995-09-06 00:00:00,5.372616688,23.68501313,75.52917308,197.0971672,395.4229188,1.00E+05,99760,3.036799958,0
1995-09-07 00:00:00,5.511720238,15.37833814,86.61143917,98.97241638,351.5020871,1.00E+05,99760,5.501700083,0
1995-09-08 00:00:00,3.503076496,11.2962585,79.34940004,228.3086685,299.46792,1.00E+05,99760,0.083,0
1995-09-09 00:00:00,3.157734454,12.71667002,70.24250908,234.6333735,296.5233333,1.00E+05,99760,0,0
1995-09-10 00:00:00,1.970971179,14.02750542,72.55064704,179.8701662,347.7429167,1.00E+05,99760,0,0
1995-09-11 00:00:00,3.592171575,14.27083998,69.364831,215.4093729,314.9683338,1.00E+05,99760,0,0
1995-09-12 00:00:00,3.087302196,15.92750583,82.20559463,62.92874966,371.1400017,1.00E+05,99760,0.0139,0
1995-09-13 00:00:00,4.823379113,21.37250421,69.97382042,217.1481668,363.2137471,1.00E+05,99760,0,0
1995-09-14 00:00:00,4.407877767,15.39875567,65.11324033,218.7047088,301.0058375,1.00E+05,99760,0,0
1995-09-15 00:00:00,4.296991867,14.67500845,71.63843267,212.6901259,310.1562521,1.00E+05,99760,0.3184,0
1995-09-16 00:00:00,4.998433742,19.57583896,76.12997738,178.0520437,366.51667,1.00E+05,99760,8.460500042,0
1995-09-17 00:00:00,3.812714209,12.99375177,68.70797771,218.1228742,293.3874992,1.00E+05,99760,0.3767,0
1995-09-18 00:00:00,2.445188207,12.14458995,70.191593,132.6118761,339.9074996,1.00E+05,99760,0.9856,0
1995-09-19 00:00:00,2.794111742,11.91375508,93.59660138,57.51895892,363.9554158,1.00E+05,99760,19.31880013,0
1995-09-20 00:00:00,4.172788942,10.62500536,87.20565867,89.43195796,341.0845792,1.00E+05,99760,4.136099875,0
1995-09-21 00:00:00,3.939574938,7.6254186,81.91301471,95.46716688,329.507085,1.00E+05,99760,1.0461,0
1995-09-22 00:00:00,4.873233792,5.081676734,68.02219058,201.8124196,264.8895854,1.00E+05,99760,0.007,0
1995-09-23 00:00:00,2.871938408,6.363342524,61.53857479,178.8725442,288.6379213,1.00E+05,99760,0,0
1995-09-24 00:00:00,2.921777775,8.695844246,66.20669896,132.4532491,312.0979158,1.00E+05,99760,0,0
1995-09-25 00:00:00,2.777718092,12.09042516,69.70725867,165.236665,331.0591704,1.00E+05,99760,1.3496,0
1995-09-26 00:00:00,3.977442096,14.66209047,60.19536971,194.4239171,308.9704246,1.00E+05,99760,0.844500042,0
1995-09-27 00:00:00,1.797872033,16.03251291,59.66989663,195.5730825,303.5166779,1.00E+05,99760,0,0
1995-09-28 00:00:00,4.096080704,17.3775015,65.13631546,192.268,322.0191671,1.00E+05,99760,0,0
1995-09-29 00:00:00,6.486686596,17.25667088,69.02439858,135.3582097,345.1449992,1.00E+05,99760,2.5548,0
1995-09-30 00:00:00,8.252933596,21.367395,68.85160565,143.338652,387.3665178,1.00E+05,99760,8.407721783,0
1995-10-01 00:00:00,7.30344754,16.88640628,76.80059148,116.8610395,357.047198,1.00E+05,99760,5.06428804,0
1995-10-02 00:00:00,2.888704909,14.80917504,72.16189917,136.5491667,326.3366658,1.00E+05,99760,1.4006,0
1995-10-03 00:00:00,2.823631242,14.72416971,75.95780517,151.6371262,345.3454142,1.00E+05,99760,1.490999958,0
1995-10-04 00:00:00,2.35459937,13.84958931,68.0754655,160.4024176,325.0033375,1.00E+05,99760,0.5116,0
1995-10-05 00:00:00,5.984655679,10.24541886,89.88581596,70.91008292,323.0966688,1.00E+05,99760,17.6867,0
1995-10-06 00:00:00,2.900147688,10.85250373,93.57183754,53.12883388,354.9083296,1.00E+05,99760,31.95330046,0
1995-10-07 00:00:00,4.616675258,9.49168045,81.1156815,134.4523335,324.8491625,1.00E+05,99760,0.1471,0
1995-10-08 00:00:00,2.5657554,10.90583575,71.96434546,155.2533745,315.2441792,1.00E+05,99760,0.544,0
1995-10-09 00:00:00,2.330040321,12.87917228,78.47965963,114.2414588,337.9275038,1.00E+05,99760,1.001,0
1995-10-10 00:00:00,3.131618479,13.05542524,68.591059,172.1567509,283.8533367,1.00E+05,99760,0,0
1995-10-11 00:00:00,5.008801588,15.24833965,69.95640446,167.393622,302.9975054,1.00E+05,99760,0,0
1995-10-12 00:00:00,5.471183938,17.95459646,67.71482979,165.5229158,316.3362546,1.00E+05,99760,0,0
1995-10-13 00:00:00,6.207733908,16.97958788,70.38693883,158.2711271,328.0220833,1.00E+05,99760,0,0
1995-10-14 00:00:00,7.294607167,7.999585683,72.81371521,60.692999,319.9570875,1.00E+05,99760,0,0
1995-10-15 00:00:00,5.788966808,5.476674667,65.66936217,160.5642893,254.5012488,1.00E+05,99760,0,0
1995-10-16 00:00:00,3.298177425,5.136261255,63.17830075,163.8156675,239.7316671,1.00E+05,99760,0,0
1995-10-17 00:00:00,7.064634663,12.80958956,56.74803921,151.2651245,304.0279163,1.00E+05,99760,0,0
1995-10-18 00:00:00,3.080073138,11.50834169,64.57146146,156.5654183,282.6425067,1.00E+05,99760,0,0
1995-10-19 00:00:00,5.712156188,14.55625693,75.02152663,115.4385832,352.3391671,1.00E+05,99760,7.768000042,0
1995-10-20 00:00:00,6.027041029,6.801672863,82.87453613,74.35629125,321.0137579,1.00E+05,99760,3.3814,0
1995-10-21 00:00:00,5.784582717,2.095840717,84.67908675,32.01549958,307.2933396,1.00E+05,99760,0.7088,0
1995-10-22 00:00:00,3.140864925,5.056253038,75.16405254,134.5755007,275.5783346,1.00E+05,99760,5.642900125,0
1995-10-23 00:00:00,6.050846729,10.66417086,76.35208129,104.6365403,323.5658371,1.00E+05,99760,7.1698,0
1995-10-24 00:00:00,7.65273445,5.219173692,77.92337546,79.14754021,286.2558296,1.00E+05,99760,0.3298,0
1995-10-25 00:00:00,4.738225363,5.620838416,66.552872,143.5290435,245.0487504,1.00E+05,99760,0,0
1995-10-26 00:00:00,3.723694275,8.772508167,69.87129442,123.4186247,297.8362488,1.00E+05,99760,0.404,0
1995-10-27 00:00:00,3.647843408,8.758758804,86.51567688,81.801209,334.3387525,1.00E+05,99760,28.59780013,0
1995-10-28 00:00:00,4.462088104,7.144584917,81.553194,58.24716717,323.3900004,1.00E+05,99760,0.6514,0
1995-10-29 00:00:00,3.945290808,5.114175406,76.30935583,118.0931673,271.7370842,1.00E+05,99760,0.0409,0
1995-10-30 00:00:00,2.942181274,3.579136591,71.39481952,117.8910866,284.8404352,1.00E+05,99760,0.761426087,0
1995-10-31 00:00:00,3.695594254,2.242921448,82.345929,49.15375017,312.7641679,1.00E+05,99760,9.9524,0
1995-11-01 00:00:00,4.089079516,7.364406772,93.63400484,42.79872008,347.919996,1.00E+05,99760,26.04163216,0
1995-11-02 00:00:00,6.015731896,3.340838361,82.12666017,41.95325033,296.3816821,1.00E+05,99760,0.6837,0
1995-11-03 00:00:00,7.514975596,-2.104580949,64.95173925,79.05204175,272.1020813,1.00E+05,99760,0,0.064
1995-11-04 00:00:00,4.769640196,-4.929570267,77.31861967,95.00012408,238.3350029,1.00E+05,99760,0,0
1995-11-05 00:00:00,5.426194092,-3.013327033,84.65322392,66.19183408,248.3470888,1.00E+05,99760,0,0.0144
1995-11-06 00:00:00,5.277761238,1.183335881,88.21888983,108.7537062,263.6966775,1.00E+05,99760,6.00E-04,0
1995-11-07 00:00:00,5.973905963,-0.689156595,80.09168538,108.3028341,245.5129171,1.00E+05,99760,0.0136,0
1995-11-08 00:00:00,5.393220725,-4.509572092,65.96728088,81.77887621,243.7766683,1.00E+05,99760,0,0.4958
1995-11-09 00:00:00,6.345137538,-2.235829424,82.09267571,59.86224963,278.7566742,1.00E+05,99760,0.670400042,1.612599958
1995-11-10 00:00:00,5.611623358,1.510423272,86.93056129,48.63408325,307.1150079,1.00E+05,99760,7.150800125,2.167999958
1995-11-11 00:00:00,7.791373429,-6.177071625,82.27619075,105.3745836,227.6487492,1.00E+05,99760,0,2.574800042
1995-11-12 00:00:00,2.852771279,-6.995827696,87.92910992,58.67616715,265.5258413,1.00E+05,99760,0,0
1995-11-13 00:00:00,3.170979554,-4.467083992,84.89933317,91.19304242,256.3454175,1.00E+05,99760,0,0
1995-11-14 00:00:00,2.166004454,-5.764584604,80.87287788,93.72129042,220.1974983,1.00E+05,99760,0,0
1995-11-15 00:00:00,3.754014042,-3.971243285,83.40392142,83.19787538,254.3141675,1.00E+05,99760,0,0
1995-11-16 00:00:00,3.145482173,-1.664161436,85.0583105,92.88903921,254.956675,1.00E+05,99760,0,0.2142
1995-11-17 00:00:00,2.927446338,-1.497076412,91.112006,29.01245879,298.5212488,1.00E+05,99760,0,0
1995-11-18 00:00:00,2.2889025,-0.47624435,85.75109467,82.5187495,267.2779279,1.00E+05,99760,0,0
1995-11-19 00:00:00,3.977069413,-1.005824791,89.37836854,92.14045963,235.4558346,1.00E+05,99760,0,0
1995-11-20 00:00:00,5.626712592,-0.188744606,83.32209958,87.15104233,249.8920879,1.00E+05,99760,0,0
1995-11-21 00:00:00,6.889981463,-3.717495975,78.61446671,77.57637458,243.1841742,1.00E+05,99760,0,0.017
1995-11-22 00:00:00,3.547451963,-5.513749182,85.50301467,64.13908346,227.3320817,1.00E+05,99760,0,0
1995-11-23 00:00:00,4.922965767,-7.582493863,84.49855254,92.57195829,192.8512513,1.00E+05,99760,0,0
1995-11-24 00:00:00,4.218528354,-8.450407413,80.22072996,88.21558338,216.2970854,1.00E+05,99760,0,0
1995-11-25 00:00:00,3.178914085,-2.326236485,84.71578454,89.67341683,233.9224988,1.00E+05,99760,0,0
1995-11-26 00:00:00,3.752082567,-0.352498116,92.51537921,67.42620738,299.6791742,1.00E+05,99760,0.9066,0.7476
1995-11-27 00:00:00,8.484340725,-1.107490285,90.43580763,39.18008304,299.6037633,1.00E+05,99760,8.510899792,11.54349996
1995-11-28 00:00:00,3.255138107,-9.173746513,85.53545163,81.41412554,216.9925008,1.00E+05,99760,0,0.1296
1995-11-29 00:00:00,1.546786575,-9.449564371,83.24570596,58.89866671,235.4800029,1.00E+05,99760,0,0
1995-11-30 00:00:00,5.739088657,-3.580430542,91.06020387,50.0206087,268.8713117,1.00E+05,99760,0.002086957,0.012417391
1995-12-01 00:00:00,4.635818516,-2.772792963,90.66053976,92.96816044,218.5695936,1.00E+05,99760,0,0.001152
1995-12-02 00:00:00,4.111897493,-2.669153598,92.007897,89.38062625,260.7037583,1.00E+05,99760,0,0
1995-12-03 00:00:00,3.732980533,-1.377910358,93.0959235,93.0613335,224.3308338,1.00E+05,99760,0,0
1995-12-04 00:00:00,4.294759339,-3.233325707,91.21073504,86.85258408,230.8654142,1.00E+05,99760,0,0
1995-12-05 00:00:00,7.842508054,-1.826245374,75.49431067,90.29233463,234.1333346,1.00E+05,99760,0.2442,0
1995-12-06 00:00:00,6.161742992,-6.761241667,64.11710658,91.92341617,171.7833333,1.00E+05,99760,0,0
1995-12-07 00:00:00,3.641077688,-10.27040965,72.14681354,91.54049963,166.1504154,1.00E+05,99760,0,0
1995-12-08 00:00:00,3.764309304,-7.659574888,83.70382825,69.31729225,247.5933321,1.00E+05,99760,0,2.864400042
1995-12-09 00:00:00,9.221424596,-17.45375038,72.42556433,50.71249967,199.6024992,1.00E+05,99760,0,0.1628
1995-12-10 00:00:00,6.518985304,-17.96958075,78.41256833,89.21170921,149.3395854,1.00E+05,99760,0,0
1995-12-11 00:00:00,4.256421354,-19.19416713,76.88134825,34.49987492,217.2012488,1.00E+05,99760,0,0.2884
1995-12-12 00:00:00,2.925877525,-15.31166625,83.19907329,43.41424996,243.9237525,1.00E+05,99760,0,4.145200125
1995-12-13 00:00:00,5.9121752,-5.782072463,91.57945679,47.17691683,295.3050079,1.00E+05,99760,0,1.9568
1995-12-14 00:00:00,3.885668475,-1.598328662,97.46242529,85.14583446,253.7608404,1.00E+05,99760,0.0184,1.8271
1995-12-15 00:00:00,3.189243667,-8.654577563,92.97064446,87.60262496,202.4420842,1.00E+05,99760,0,0
1995-12-16 00:00:00,2.281648459,-11.1499987,87.18237563,88.05837417,199.1445808,1.00E+05,99760,0,0
1995-12-17 00:00:00,3.03913685,-7.599155071,93.77571013,86.73008292,218.6716704,1.00E+05,99760,0,0
1995-12-18 00:00:00,5.166541471,-3.072496795,93.76413096,55.02154129,272.4870917,1.00E+05,99760,0,0
1995-12-19 00:00:00,5.627958613,-7.018741346,93.26238833,89.8246665,193.3020833,1.00E+05,99760,0,0
1995-12-20 00:00:00,4.769550646,-7.809987129,86.06426863,75.4312075,246.1275,1.00E+05,99760,0,0.0234
1995-12-21 00:00:00,3.133401188,-7.198746746,86.06107308,70.76554175,261.7908438,1.00E+05,99760,0,0
1995-12-22 00:00:00,2.943794867,-6.703329467,90.2056955,57.626167,266.2204217,1.00E+05,99760,0,0
1995-12-23 00:00:00,2.632988908,-4.800833125,92.13843121,48.94429175,278.3070925,1.00E+05,99760,0,0
1995-12-24 00:00:00,3.988879621,-5.536239371,91.37798142,66.16800092,254.7691667,1.00E+05,99760,0,0
1995-12-25 00:00:00,5.021579217,-7.982899713,80.51849458,71.81900171,236.8329163,1.00E+05,99760,0,0.0909
1995-12-26 00:00:00,2.759511668,-9.1333272,90.58612938,47.28454117,257.212505,1.00E+05,99760,0,0.0656
1995-12-27 00:00:00,3.829676858,-9.191244496,83.80531838,75.60379204,228.8974975,1.00E+05,99760,0,0
1995-12-28 00:00:00,3.066207867,-10.70958048,84.16669275,90.2615,181.8629175,1.00E+05,99760,0,0
1995-12-29 00:00:00,4.706359908,-9.919163758,91.84054388,84.27879213,197.9350017,1.00E+05,99760,0,0.1558
1995-12-30 00:00:00,3.522900439,-4.024775761,93.79508226,59.99352174,285.3373983,1.00E+05,99760,0,1.988556478
1995-12-31 00:00:00,1.860383696,-1.991241193,95.20947967,52.05433408,300.6804325,1.00E+05,99760,0,1.609
