datetime,Depth_meter,Water_Temperature_celsius
1995-01-01 00:00:00,0,4
1995-01-01 00:00:00,15,4
1995-05-09 00:00:00,0,7.8
1995-05-09 00:00:00,3,7.8
1995-05-09 00:00:00,5,7.8
1995-05-09 00:00:00,10,7.8
1995-05-09 00:00:00,15,7.8
1995-05-09 00:00:00,20,7.7
1995-05-09 00:00:00,25,7.7
1995-05-09 00:00:00,28,7.7
1995-05-09 00:00:00,1,7.7
1995-05-09 00:00:00,3,7.7
1995-05-09 00:00:00,10,7.7
1995-05-09 00:00:00,15,7.7
1995-05-09 00:00:00,20,7.7
1995-05-09 00:00:00,25,7.7
1995-05-09 00:00:00,27,7.6
1995-05-09 00:00:00,28,7.6
1995-05-09 00:00:00,0,7.6
1995-05-09 00:00:00,3,7.6
1995-05-09 00:00:00,5,7.6
1995-05-09 00:00:00,10,7.6
1995-05-09 00:00:00,15,7.6
1995-05-09 00:00:00,20,7.6
1995-05-09 00:00:00,25,7.6
1995-05-09 00:00:00,30,7.6
1995-05-23 00:00:00,0,14
1995-05-23 00:00:00,3,14
1995-05-23 00:00:00,4,14
1995-05-23 00:00:00,6,13.9
1995-05-23 00:00:00,10,13.9
1995-05-23 00:00:00,15,13.4
1995-05-23 00:00:00,20,13.3
1995-05-23 00:00:00,25,13.2
1995-05-23 00:00:00,28,13.1
1995-05-23 00:00:00,0,12.9
1995-05-23 00:00:00,2,12.9
1995-05-23 00:00:00,3,12.8
1995-05-23 00:00:00,4,12.6
1995-05-23 00:00:00,6,11.9
1995-05-23 00:00:00,8,11.1
1995-05-23 00:00:00,10,10.8
1995-05-23 00:00:00,15,10.5
1995-05-23 00:00:00,20,10.4
1995-05-23 00:00:00,26,10.2
1995-05-23 00:00:00,28,10.2
1995-05-23 00:00:00,0,9.8
1995-05-23 00:00:00,1,9.6
1995-05-23 00:00:00,2,9.6
1995-05-23 00:00:00,3,9.6
1995-05-23 00:00:00,4,9.5
1995-05-23 00:00:00,5,9.5
1995-06-06 00:00:00,6,19.3
1995-06-06 00:00:00,7,18.7
1995-06-06 00:00:00,8,18
1995-06-06 00:00:00,9,17.9
1995-06-06 00:00:00,10,17.5
1995-06-06 00:00:00,15,15.6
1995-06-06 00:00:00,16,15.1
1995-06-06 00:00:00,17,14.9
1995-06-06 00:00:00,18,14.6
1995-06-06 00:00:00,19,14.1
1995-06-06 00:00:00,20,13.8
1995-06-06 00:00:00,25,13.5
1995-06-06 00:00:00,30,13
1995-06-06 00:00:00,0,12
1995-06-06 00:00:00,1,11.5
1995-06-06 00:00:00,2,11.2
1995-06-06 00:00:00,2.5,11
1995-06-06 00:00:00,3,10.6
1995-06-06 00:00:00,4,10.3
1995-06-06 00:00:00,4.5,10.3
1995-06-06 00:00:00,5,10.1
1995-06-06 00:00:00,5.5,10
1995-06-06 00:00:00,6,9.9
1995-06-06 00:00:00,7,9.9
1995-06-06 00:00:00,8,9.8
1995-06-21 00:00:00,9,27.6
1995-06-21 00:00:00,10,27.4
1995-06-21 00:00:00,11,25.6
1995-06-21 00:00:00,12,24.2
1995-06-21 00:00:00,13,22.3
1995-06-21 00:00:00,14,20.1
1995-06-21 00:00:00,15,18.4
1995-06-21 00:00:00,20,17.5
1995-06-21 00:00:00,25,16.5
1995-06-21 00:00:00,30,15.8
1995-06-21 00:00:00,0,14.7
1995-06-21 00:00:00,1,14.3
1995-06-21 00:00:00,2,13.5
1995-06-21 00:00:00,3,13
1995-06-21 00:00:00,4,12.1
1995-06-21 00:00:00,5,11.7
1995-07-06 00:00:00,6,21.4
1995-07-06 00:00:00,7,21.5
1995-07-06 00:00:00,8,21.5
1995-07-06 00:00:00,9,21.5
1995-07-06 00:00:00,10,21.5
1995-07-06 00:00:00,12,21.5
1995-07-06 00:00:00,14,21.5
1995-07-06 00:00:00,15,21.5
1995-07-06 00:00:00,16,21.5
1995-07-06 00:00:00,18,21.5
1995-07-06 00:00:00,20,21.5
1995-07-06 00:00:00,22,21.4
1995-07-06 00:00:00,24,15.1
1995-07-06 00:00:00,25,14.2
1995-07-06 00:00:00,26,13.3
1995-07-06 00:00:00,27,12.9
1995-07-06 00:00:00,28,12.1
1995-07-06 00:00:00,29,11.6
1995-07-06 00:00:00,0,11.3
1995-07-06 00:00:00,1,11
1995-07-06 00:00:00,2,10.9
1995-07-06 00:00:00,2,10.9
1995-07-06 00:00:00,3,10.6
1995-07-06 00:00:00,4,10.6
1995-07-06 00:00:00,5,10.5
1995-07-06 00:00:00,6,10.4
1995-07-18 00:00:00,7,24.9
1995-07-18 00:00:00,8,25.1
1995-07-18 00:00:00,9,25.1
1995-07-18 00:00:00,10,25.1
1995-07-18 00:00:00,11,25.1
1995-07-18 00:00:00,12,25.1
1995-07-18 00:00:00,13,25.1
1995-07-18 00:00:00,14,25
1995-07-18 00:00:00,15,25
1995-07-18 00:00:00,16,18.5
1995-07-18 00:00:00,17,15.8
1995-07-18 00:00:00,18,14.3
1995-07-18 00:00:00,19,13.7
1995-07-18 00:00:00,20,13
1995-07-18 00:00:00,21,12.8
1995-07-18 00:00:00,22,12.5
1995-07-18 00:00:00,23,12.2
1995-07-18 00:00:00,24,11.8
1995-07-18 00:00:00,25,11.3
1995-07-18 00:00:00,26,11.1
1995-07-18 00:00:00,27,11.1
1995-07-18 00:00:00,28,11
1995-07-18 00:00:00,29,10.9
1995-07-18 00:00:00,30,10.8
1995-07-18 00:00:00,0,10.8
1995-08-02 00:00:00,1,25.5
1995-08-02 00:00:00,2,25.6
1995-08-02 00:00:00,3,25.6
1995-08-02 00:00:00,4,25.5
1995-08-02 00:00:00,5.5,25.6
1995-08-02 00:00:00,6,25.6
1995-08-02 00:00:00,7,25.6
1995-08-02 00:00:00,8,22.7
1995-08-02 00:00:00,10,21.5
1995-08-02 00:00:00,12,NA
1995-08-02 00:00:00,14,20
1995-08-02 00:00:00,15,19.5
1995-08-02 00:00:00,16,18.3
1995-08-02 00:00:00,18,16.5
1995-08-02 00:00:00,20,15.5
1995-08-02 00:00:00,22,14.8
1995-08-02 00:00:00,24,14.4
1995-08-02 00:00:00,25,13.8
1995-08-02 00:00:00,26,13.3
1995-08-02 00:00:00,27,13.1
1995-08-02 00:00:00,28,12.8
1995-08-02 00:00:00,0,12.4
1995-08-02 00:00:00,1,12.1
1995-08-02 00:00:00,2,11.9
1995-08-02 00:00:00,3,11.8
1995-08-02 00:00:00,4,11.5
1995-08-02 00:00:00,6,11.4
1995-08-02 00:00:00,7,11.3
1995-08-02 00:00:00,8,11.1
1995-08-02 00:00:00,9,10.9
1995-08-02 00:00:00,9.5,10.9
1995-08-02 00:00:00,10,10.8
1995-08-14 00:00:00,11,27.1
1995-08-14 00:00:00,13,27.1
1995-08-14 00:00:00,15,27.1
1995-08-14 00:00:00,17,27.1
1995-08-14 00:00:00,18,27
1995-08-14 00:00:00,19,26.9
1995-08-14 00:00:00,20,26.7
1995-08-14 00:00:00,22,24
1995-08-14 00:00:00,25,22.5
1995-08-14 00:00:00,29,22.1
1995-08-14 00:00:00,30,20.1
1995-08-14 00:00:00,0,18.8
1995-08-14 00:00:00,1,18.2
1995-08-14 00:00:00,2,17.8
1995-08-14 00:00:00,3,17.2
1995-08-14 00:00:00,4,16.6
1995-08-14 00:00:00,5,15.7
1995-08-14 00:00:00,6,14.7
1995-08-14 00:00:00,7,14
1995-08-14 00:00:00,8,13.3
1995-08-14 00:00:00,9,13.1
1995-08-14 00:00:00,10,13
1995-08-14 00:00:00,11,12.8
1995-08-14 00:00:00,12,12.7
1995-08-14 00:00:00,13,12.4
1995-08-14 00:00:00,14,12.2
1995-08-14 00:00:00,15,12
1995-08-14 00:00:00,16,11.8
1995-08-14 00:00:00,17,11.6
1995-08-14 00:00:00,18,11.5
1995-08-14 00:00:00,19,11.4
1995-08-14 00:00:00,20,11.2
1995-08-14 00:00:00,21,11.1
1995-08-14 00:00:00,22,11
1995-08-14 00:00:00,23,11
1995-08-30 00:00:00,24,25
1995-08-30 00:00:00,25,25.1
1995-08-30 00:00:00,26,25.1
1995-08-30 00:00:00,27,25.1
1995-08-30 00:00:00,28,25.1
1995-08-30 00:00:00,29,25.1
1995-08-30 00:00:00,30,25
1995-08-30 00:00:00,0,25
1995-08-30 00:00:00,1,24.8
1995-08-30 00:00:00,2,22.8
1995-08-30 00:00:00,3,20.7
1995-08-30 00:00:00,4,18.9
1995-08-30 00:00:00,5,18.1
1995-08-30 00:00:00,6,17.4
1995-08-30 00:00:00,7,16.5
1995-08-30 00:00:00,8,15.6
1995-08-30 00:00:00,9,14.9
1995-08-30 00:00:00,10,14.2
1995-08-30 00:00:00,11,14
1995-08-30 00:00:00,12,13.3
1995-08-30 00:00:00,13,12.8
1995-08-30 00:00:00,14,12.2
1995-08-30 00:00:00,15,11.8
1995-08-30 00:00:00,16,11.7
1995-08-30 00:00:00,17,11.5
1995-08-30 00:00:00,18,11.2
1995-08-30 00:00:00,19,11.1
1995-08-30 00:00:00,20,11
1995-08-30 00:00:00,21,11
1995-08-30 00:00:00,22,11
1995-09-11 00:00:00,23,20.8
1995-09-11 00:00:00,24,20.9
1995-09-11 00:00:00,25,20.9
1995-09-11 00:00:00,29,20.9
1995-09-11 00:00:00,30,20.9
1995-09-11 00:00:00,0,20.9
1995-09-11 00:00:00,1,20.9
1995-09-11 00:00:00,2,20.9
1995-09-11 00:00:00,3,20.9
1995-09-11 00:00:00,4,20.9
1995-09-11 00:00:00,5,20.9
1995-09-11 00:00:00,6,20.8
1995-09-11 00:00:00,7,18
1995-09-11 00:00:00,8,17.3
1995-09-11 00:00:00,9,15.6
1995-09-11 00:00:00,10,13.9
1995-09-11 00:00:00,11,13.6
1995-09-11 00:00:00,12,13.2
1995-09-11 00:00:00,13,12.9
1995-09-11 00:00:00,14,12.6
1995-09-11 00:00:00,15,12.4
1995-09-11 00:00:00,16,12.2
1995-09-11 00:00:00,17,12.1
1995-09-11 00:00:00,18,11.8
1995-09-11 00:00:00,19,11.6
1995-09-11 00:00:00,20,11.5
1995-09-11 00:00:00,21,11.3
1995-09-11 00:00:00,22,11.2
1995-09-11 00:00:00,23,11.2
1995-09-11 00:00:00,24,11.1
1995-09-25 00:00:00,25,16.1
1995-09-25 00:00:00,26,16.1
1995-09-25 00:00:00,27,16.1
1995-09-25 00:00:00,28,16.1
1995-09-25 00:00:00,29,16.1
1995-09-25 00:00:00,30,16.1
1995-09-25 00:00:00,0,16.1
1995-09-25 00:00:00,1,16.1
1995-09-25 00:00:00,2,16.1
1995-09-25 00:00:00,3,16.1
1995-09-25 00:00:00,4,16.1
1995-09-25 00:00:00,5,16.1
1995-09-25 00:00:00,6,16
1995-09-25 00:00:00,7,16
1995-09-25 00:00:00,8,15.4
1995-09-25 00:00:00,9,14
1995-09-25 00:00:00,10,13
1995-09-25 00:00:00,11,12
1995-09-25 00:00:00,12,12
1995-09-25 00:00:00,13,11.8
1995-09-25 00:00:00,13.5,11.6
1995-09-25 00:00:00,14,11.4
1995-09-25 00:00:00,15,11.3
1995-09-25 00:00:00,16,11.2
1995-09-25 00:00:00,17,11.1
1995-09-25 00:00:00,18,11.1
1995-09-25 00:00:00,20,11.1
1995-10-11 00:00:00,22,15.2
1995-10-11 00:00:00,25,15.2
1995-10-11 00:00:00,27,15.2
1995-10-11 00:00:00,30,15.1
1995-10-11 00:00:00,0,15.1
1995-10-11 00:00:00,2,15.1
1995-10-11 00:00:00,3,15.1
1995-10-11 00:00:00,4,15.1
1995-10-11 00:00:00,6,15
1995-10-11 00:00:00,8,15
1995-10-11 00:00:00,10,15
1995-10-11 00:00:00,12,15
1995-10-11 00:00:00,14,15
1995-10-11 00:00:00,15,15
1995-10-11 00:00:00,15.5,15
1995-10-11 00:00:00,16,15
1995-10-11 00:00:00,16.5,15
1995-10-11 00:00:00,17,15
1995-10-11 00:00:00,17.5,15
1995-10-11 00:00:00,18,NA
1995-10-11 00:00:00,19,15
1995-10-11 00:00:00,20,12.6
1995-10-11 00:00:00,22,12.5
1995-10-11 00:00:00,25,12.2
1995-10-11 00:00:00,30,11.9
1995-10-11 00:00:00,0,11.9
1995-10-11 00:00:00,1,11.8
1995-10-11 00:00:00,2,11.7
1995-10-25 00:00:00,3,11.4
1995-10-25 00:00:00,4,11.5
1995-10-25 00:00:00,5,11.5
1995-10-25 00:00:00,7,11.5
1995-10-25 00:00:00,9,11.5
1995-10-25 00:00:00,10,11.5
1995-10-25 00:00:00,12,11.5
1995-10-25 00:00:00,14,11.4
1995-10-25 00:00:00,15,11.4
1995-10-25 00:00:00,17,11.4
1995-10-25 00:00:00,18,11.4
1995-10-25 00:00:00,18,11.4
1995-10-25 00:00:00,19,11.4
1995-10-25 00:00:00,20,11.4
1995-10-25 00:00:00,22,11.4
1995-10-25 00:00:00,24,11.4
1995-10-25 00:00:00,25,11.4
1995-10-25 00:00:00,27,11.4
1995-10-25 00:00:00,29,11.4
1995-10-25 00:00:00,30,11.3
1995-10-25 00:00:00,30.5,11.2
1995-10-25 00:00:00,4,11.2
1995-10-25 00:00:00,30,11.2
1995-11-10 00:00:00,0,7.4
1995-11-10 00:00:00,3,7.4
1995-11-10 00:00:00,5,7.4
1995-11-10 00:00:00,6,7.4
1995-11-10 00:00:00,8,7.4
1995-11-10 00:00:00,10,7.4
1995-11-10 00:00:00,15,7.4
1995-11-10 00:00:00,20,7.4
1995-11-10 00:00:00,22.5,7.4
1995-11-10 00:00:00,25,7.4
1995-11-10 00:00:00,27.5,7.4
1995-11-10 00:00:00,30,7.4
1995-11-10 00:00:00,0,7.4
1995-11-10 00:00:00,2,7.4
1995-11-10 00:00:00,3,7.4
1995-11-10 00:00:00,4,7.4
1995-11-10 00:00:00,6,7.4
1995-11-10 00:00:00,8,7.4
1995-11-10 00:00:00,10,7.4
1995-11-10 00:00:00,12,7.4
1995-11-10 00:00:00,14,7.4
1995-11-10 00:00:00,16,7.4
1995-11-10 00:00:00,18,7.4
1995-11-10 00:00:00,20,7.4
1995-12-06 00:00:00,22,2.3
1995-12-06 00:00:00,24,2.3
1995-12-06 00:00:00,26,2.3
1995-12-06 00:00:00,28,2.3
1995-12-06 00:00:00,29.5,2.3
1995-12-06 00:00:00,0,2.3
1995-12-06 00:00:00,2,2.3
